1,google.com
2,youtube.com
3,facebook.com
4,baidu.com
5,yahoo.com
6,amazon.com
7,wikipedia.org
8,qq.com
9,google.co.in
10,twitter.com
11,live.com
12,taobao.com
13,google.co.jp
14,bing.com
15,instagram.com
16,weibo.com
17,linkedin.com
18,sina.com.cn
19,yahoo.co.jp
20,msn.com
21,vk.com
22,google.de
23,yandex.ru
24,hao123.com
25,google.co.uk
26,reddit.com
27,ebay.com
28,google.fr
29,t.co
30,tmall.com
31,google.com.br
32,pinterest.com
33,360.cn
34,sohu.com
35,amazon.co.jp
36,mail.ru
37,google.ru
38,netflix.com
39,google.it
40,onclickads.net
41,microsoft.com
42,google.es
43,gmw.cn
44,wordpress.com
45,paypal.com
46,tumblr.com
47,blogspot.com
48,imgur.com
49,stackoverflow.com
50,naver.com
51,aliexpress.com
52,chinadaily.com.cn
53,apple.com
54,github.com
55,ok.ru
56,google.com.mx
57,xvideos.com
58,imdb.com
59,jd.com
60,google.co.kr
61,pornhub.com
62,163.com
63,fc2.com
64,blogger.com
65,google.ca
66,google.com.hk
67,whatsapp.com
68,xhamster.com
69,amazon.in
70,office.com
71,google.com.tr
72,google.co.id
73,youku.com
74,rakuten.co.jp
75,craigslist.org
76,amazon.de
77,bongacams.com
78,nicovideo.jp
79,google.pl
80,bilibili.com
81,dropbox.com
82,pixnet.net
83,alibaba.com
84,alipay.com
85,soso.com
86,outbrain.com
87,booking.com
88,microsoftonline.com
89,google.com.tw
90,googleusercontent.com
91,google.com.au
92,zhihu.com
93,xinhuanet.com
94,popads.net
95,amazon.co.uk
96,diply.com
97,coccoc.com
98,cnn.com
99,amazon.cn
100,chase.com
101,cntv.cn
102,myway.com
103,twitch.tv
104,ask.com
105,quora.com
106,isanalyze.com
107,bbc.co.uk
108,wikia.com
109,adobe.com
110,google.com.eg
111,google.com.pk
112,detail.tmall.com
113,google.co.th
114,google.com.sa
115,bbc.com
116,nytimes.com
117,adf.ly
118,google.com.ar
119,txxx.com
120,sogou.com
121,360.com
122,ettoday.net
123,haosou.com
124,google.nl
125,flipkart.com
126,ebay.co.uk
127,daum.net
128,salesforce.com
129,livedoor.jp
130,china.com
131,dailymotion.com
132,ebay.de
133,ifeng.com
134,dailymail.co.uk
135,bankofamerica.com
136,godaddy.com
137,xnxx.com
138,indiatimes.com
139,amazonaws.com
140,espn.com
141,walmart.com
142,china.com.cn
143,soundcloud.com
144,iqiyi.com
145,indeed.com
146,etsy.com
147,huffingtonpost.com
148,wellsfargo.com
149,buzzfeed.com
150,vimeo.com
151,zillow.com
152,terraclicks.com
153,uptodown.com
154,tudou.com
155,google.co.za
156,cnet.com
157,thepiratebay.org
158,google.co.ve
159,globo.com
160,stackexchange.com
161,so.com
162,theguardian.com
163,ameblo.jp
164,aol.com
165,washingtonpost.com
166,directrev.com
167,tripadvisor.com
168,avito.ru
169,force.com
170,uol.com.br
171,douyu.com
172,google.com.ua
173,taboola.com
174,google.gr
175,feedly.com
176,dmm.co.jp
177,onlinesbi.com
178,yelp.com
179,pixiv.net
180,mediafire.com
181,google.com.vn
182,ikea.com
183,gfycat.com
184,hclips.com
185,google.com.co
186,csdn.net
187,google.com.sg
188,naver.jp
189,steampowered.com
190,goo.ne.jp
191,redtube.com
192,weather.com
193,google.com.ng
194,slideshare.net
195,target.com
196,vice.com
197,cnzz.com
198,mozilla.org
199,varzesh3.com
200,amazon.fr
201,zol.com.cn
202,blastingnews.com
203,tribunnews.com
204,google.ro
205,foxnews.com
206,google.be
207,skype.com
208,doubleclick.net
209,steamcommunity.com
210,huanqiu.com
211,amazon.it
212,blogspot.co.id
213,9gag.com
214,bp.blogspot.com
215,flickr.com
216,detik.com
217,1688.com
218,upornia.com
219,bet365.com
220,deviantart.com
221,forbes.com
222,google.com.ph
223,github.io
224,youporn.com
225,google.com.pe
226,fbcdn.net
227,tistory.com
228,chaturbate.com
229,extratorrent.cc
230,google.at
231,w3schools.com
232,taringa.net
233,blogspot.in
234,mega.nz
235,spotify.com
236,kakaku.com
237,theladbible.com
238,putlocker.is
239,savefrom.net
240,homedepot.com
241,wikihow.com
242,bestbuy.com
243,comcast.net
244,nih.gov
245,livejournal.com
246,leboncoin.fr
247,capitalone.com
248,webtretho.com
249,google.ch
250,nbcolympics.com
251,blkget.com
252,popcash.net
253,americanexpress.com
254,allegro.pl
255,go.com
256,google.se
257,onet.pl
258,roblox.com
259,xfinity.com
260,google.cn
261,nametests.com
262,yesky.com
263,ozock.com
264,youm7.com
265,babytree.com
266,twimg.com
267,hdfcbank.com
268,snapdeal.com
269,wikimedia.org
270,groupon.com
271,blog.jp
272,onedio.com
273,usps.com
274,trello.com
275,samsung.com
276,51.la
277,mama.cn
278,google.dz
279,shutterstock.com
280,thewhizmarketing.com
281,softonic.com
282,archive.org
283,google.az
284,google.com.bd
285,tokopedia.com
286,ups.com
287,wp.pl
288,livejasmin.com
289,files.wordpress.com
290,usatoday.com
291,reimageplus.com
292,sabah.com.tr
293,eksisozluk.com
294,wordpress.org
295,slack.com
296,icicibank.com
297,amazon.es
298,google.pt
299,cnblogs.com
300,2ch.net
301,pandora.com
302,speedtest.net
303,icloud.com
304,sourceforge.net
305,citi.com
306,paytm.com
307,orange.fr
308,xywy.com
309,battle.net
310,mercadolivre.com.br
311,ebay-kleinanzeigen.de
312,messenger.com
313,openload.co
314,google.ae
315,businessinsider.com
316,gmx.net
317,kompas.com
318,seznam.cz
319,wordreference.com
320,oracle.com
321,tianya.cn
322,rambler.ru
323,hp.com
324,doublepimp.com
325,zendesk.com
326,google.ie
327,giphy.com
328,globaloffers.link
329,web.de
330,goodreads.com
331,doorblog.jp
332,cctv.com
333,kaskus.co.id
334,google.cl
335,google.co.il
336,att.com
337,bitauto.com
338,bukalapak.com
339,eastday.com
340,repubblica.it
341,google.hu
342,ltn.com.tw
343,telegraph.co.uk
344,irctc.co.in
345,douban.com
346,ndtv.com
347,daikynguyenvn.com
348,addthis.com
349,accuweather.com
350,rediff.com
351,google.cz
352,hurriyet.com.tr
353,about.com
354,espncricinfo.com
355,fedex.com
356,weebly.com
357,medium.com
358,adexc.net
359,airbnb.com
360,liputan6.com
361,youtube-mp3.org
362,wix.com
363,pinimg.com
364,spiegel.de
365,gsmarena.com
366,exoclick.com
367,digikala.com
368,dell.com
369,verizonwireless.com
370,sharepoint.com
371,scribd.com
372,caijing.com.cn
373,sberbank.ru
374,nyaa.se
375,media.tumblr.com
376,bloomberg.com
377,mi.com
378,haber7.com
379,gamersky.com
380,suning.com
381,slickdeals.net
382,wetransfer.com
383,51yes.com
384,abs-cbn.com
385,webmd.com
386,acfun.tv
387,mailchimp.com
388,blogspot.com.br
389,ruten.com.tw
390,39.net
391,rt.com
392,1905.com
393,gizmodo.com
394,billdesk.com
395,panda.tv
396,t-online.de
397,kinogo.club
398,evernote.com
399,dmm.com
400,le.com
401,adnetworkperformance.com
402,wsj.com
403,hulu.com
404,mlb.com
405,milliyet.com.tr
406,rio2016.com
407,zippyshare.com
408,ign.com
409,tube8.com
410,ps4ux.com
411,rarbg.to
412,marca.com
413,cnnic.cn
414,gearbest.com
415,tuberel.com
416,taleo.net
417,secureserver.net
418,kinopoisk.ru
419,ouo.io
420,box.com
421,list.tmall.com
422,clickadu.com
423,kapanlagi.com
424,lowes.com
425,torrentz.eu
426,livedoor.com
427,iwanttodeliver.com
428,freepik.com
429,telegram.org
430,elpais.com
431,sh.st
432,intuit.com
433,reddituploads.com
434,badoo.com
435,conservativetribune.com
436,amazon.ca
437,google.no
438,alicdn.com
439,thesaurus.com
440,zoho.com
441,rutracker.org
442,beeg.com
443,sahibinden.com
444,google.fi
445,shopify.com
446,siteadvisor.com
447,list-manage.com
448,ebay.it
449,cloudfront.net
450,expedia.com
451,kickstarter.com
452,kissanime.to
453,youdao.com
454,google.sk
455,albawabhnews.com
456,enet.com.cn
457,hotstar.com
458,bild.de
459,videomega.tv
460,4dsply.com
461,nownews.com
462,livedoor.biz
463,scribol.com
464,adplxmd.com
465,kohls.com
466,viralthread.com
467,avg.com
468,themeforest.net
469,ebay.in
470,buzzhand.com
471,behance.net
472,ancestry.com
473,goal.com
474,ask.fm
475,friv.com
476,google.dk
477,reuters.com
478,asos.com
479,upwork.com
480,urdupoint.com
481,gamer.com.tw
482,nhk.or.jp
483,4399.com
484,engadget.com
485,uploaded.net
486,naukri.com
487,prjcq.com
488,independent.co.uk
489,hatenablog.com
490,yts.ag
491,zone-telechargement.com
492,macys.com
493,tabelog.com
494,gismeteo.ru
495,olx.pl
496,webex.com
497,teepr.com
498,hatena.ne.jp
499,xda-developers.com
500,clipconverter.cc
501,usaa.com
502,fidelity.com
503,infusionsoft.com
504,lifehacker.com
505,merdeka.com
506,streamcloud.eu
507,wwwpromoter.com
508,nike.com
509,3dmgame.com
510,mercadolibre.com.ar
511,atlassian.net
512,mashable.com
513,free.fr
514,playstation.com
515,newegg.com
516,blogspot.com.es
517,4shared.com
518,aliyun.com
519,hootsuite.com
520,nbcnews.com
521,impress.co.jp
522,rdsa2013.com
523,redirectvoluum.com
524,realtor.com
525,ebay.com.au
526,likes.com
527,wunderground.com
528,elmundo.es
529,huaban.com
530,aparat.com
531,58.com
532,disqus.com
533,surveymonkey.com
534,blogfa.com
535,buy.tmall.com
536,fiverr.com
537,nikkei.com
538,instructure.com
539,costco.com
540,researchgate.net
541,123movies.to
542,corriere.it
543,southwest.com
544,chaoshi.tmall.com
545,gamefaqs.com
546,ctrip.com
547,ab4hr.com
548,bhaskar.com
549,thesportbible.com
550,ytimg.com
551,seasonvar.ru
552,answers.com
553,asahi.com
554,lenta.ru
555,chip.de
556,donga.com
557,moneycontrol.com
558,xe.com
559,adidas.tmall.com
560,chinaz.com
561,indianexpress.com
562,meetup.com
563,thefreedictionary.com
564,google.com.kw
565,spankbang.com
566,subscene.com
567,mirror.co.uk
568,ameba.jp
569,umblr.com
570,okezone.com
571,npr.org
572,imzog.com
573,theverge.com
574,nordstrom.com
575,tutorialspoint.com
576,ensonhaber.com
577,hotels.com
578,asus.com
579,nfl.com
580,blackboard.com
581,blogspot.jp
582,gap.com
583,adp.com
584,gamepedia.com
585,airtel.in
586,watsons.tmall.com
587,yandex.ua
588,rednet.cn
589,kooora.com
590,adbooth.com
591,nifty.com
592,inquirer.net
593,allrecipes.com
594,wayfair.com
595,blog.me
596,17ok.com
597,coursera.org
598,rottentomatoes.com
599,yahoo-net.jp
600,ca.gov
601,blogimg.jp
602,azlyrics.com
603,ero-advertising.com
604,gmarket.co.kr
605,udemy.com
606,hm.com
607,libero.it
608,drudgereport.com
609,dictionary.com
610,lifebuzz.com
611,lemonde.fr
612,kijiji.ca
613,netteller.com
614,mobile.de
615,souq.com
616,360doc.com
617,ibm.com
618,wixsite.com
619,korabia.com
620,baike.com
621,namu.wiki
622,discovercard.com
623,ebates.com
624,howtogeek.com
625,latimes.com
626,trulia.com
627,google.bg
628,google.lk
629,wowhead.com
630,zing.vn
631,bidverdrs.com
632,zomato.com
633,duowan.com
634,lenovo.com
635,tradeadexchange.com
636,trkpointcloud.com
637,discover.com
638,overstock.com
639,wikiwiki.jp
640,wp.com
641,dropbooks.tv
642,jabong.com
643,hdzog.com
644,norton.com
645,instructables.com
646,seesaa.net
647,time.com
648,nypost.com
649,interia.pl
650,toutiao.com
651,people.com
652,mercadolibre.com.ve
653,slimspots.com
654,cisco.com
655,cbsnews.com
656,e-hentai.org
657,shaparak.ir
658,microsoftstore.com
659,loading-delivery2.com
660,politico.com
661,sakura.ne.jp
662,houzz.com
663,ngacn.cc
664,delta.com
665,patch.com
666,oeeee.com
667,as.com
668,sciencedirect.com
669,shopclues.com
670,eskimi.com
671,japanpost.jp
672,xunlei.com
673,superuser.com
674,glassdoor.com
675,leagueoflegends.com
676,cpasbien.cm
677,4chan.org
678,www.gov.uk
679,lequipe.fr
680,so-net.ne.jp
681,yandex.com.tr
682,mediawhirl.net
683,gyazo.com
684,duckduckgo.com
685,java.com
686,bola.net
687,gazzetta.it
688,rbc.ru
689,elmogaz.com
690,asana.com
691,slate.com
692,126.com
693,filehippo.com
694,11st.co.kr
695,weblio.jp
696,ppomppu.co.kr
697,verizon.com
698,fivethirtyeight.com
699,kayak.com
700,emol.com
701,momoshop.com.tw
702,abcnews.go.com
703,play4gam.com
704,lefigaro.fr
705,investing.com
706,bitbucket.org
707,sq.cn
708,biglobe.ne.jp
709,ouedkniss.com
710,getpocket.com
711,woot.com
712,line.me
713,squarespace.com
714,vporn.com
715,incometaxindiaefiling.gov.in
716,drom.ru
717,aa.com
718,cdiscount.com
719,buzzfil.net
720,biobiochile.cl
721,usbank.com
722,yenisafak.com
723,zulily.com
724,custhelp.com
725,curapelanatureza.com.br
726,ynet.com
727,itmedia.co.jp
728,subito.it
729,oschina.net
730,office365.com
731,pof.com
732,olx.in
733,bleacherreport.com
734,dcinside.com
735,nydailynews.com
736,reverso.net
737,jimdo.com
738,wattpad.com
739,justdial.com
740,cbc.ca
741,united.com
742,twoo.com
743,prothom-alo.com
744,clien.net
745,cookpad.com
746,ria.ru
747,makemytrip.com
748,rapidgator.net
749,google.by
750,yodobashi.com
751,myfitnesspal.com
752,dianping.com
753,westernjournalism.com
754,google.com.my
755,cbssports.com
756,premierleague.com
757,hespress.com
758,google.co.nz
759,google.com.do
760,commentcamarche.net
761,eyny.com
762,vk.me
763,timeanddate.com
764,ebay.fr
765,urbandictionary.com
766,okcupid.com
767,canva.com
768,gmanetwork.com
769,photobucket.com
770,stumbleupon.com
771,pch.com
772,thekitchn.com
773,issuu.com
774,mit.edu
775,php.net
776,staples.com
777,hotmovs.com
778,android.com
779,tgbus.com
780,smzdm.com
781,pantip.com
782,ci123.com
783,infoseek.co.jp
784,nextdoor.com
785,google.rs
786,y8.com
787,swagbucks.com
788,nikkeibp.co.jp
789,olx.com.br
790,feng.com
791,mercadolibre.com.mx
792,bhphotovideo.com
793,bookmyshow.com
794,blogspot.mx
795,jrj.com.cn
796,discuss.com.hk
797,eventbrite.com
798,elfagr.org
799,lapatilla.com
800,change.org
801,gtarcade.com
802,atwiki.jp
803,himado.in
804,wiktionary.org
805,tmz.com
806,cnbc.com
807,constantcontact.com
808,techcrunch.com
809,jeuxvideo.com
810,redfin.com
811,googleapis.com
812,gotporn.com
813,banggood.com
814,givemesport.com
815,breitbart.com
816,uptobox.com
817,mixi.jp
818,manoramaonline.com
819,retailmenot.com
820,elevenia.co.id
821,allocine.fr
822,chinaso.com
823,k618.cn
824,gamespot.com
825,youjizz.com
826,1337x.to
827,jcpenney.com
828,pixabay.com
829,uber.com
830,neobux.com
831,intel.com
832,blogspot.it
833,battlefield.com
834,sabq.org
835,ero-video.net
836,olx.ua
837,jb51.net
838,rightmove.co.uk
839,google.com.ly
840,audible.com
841,drtuber.com
842,topix.com
843,ruliweb.com
844,syosetu.com
845,pcmag.com
846,gazetaexpress.com
847,hubspot.com
848,google.kz
849,gigazine.net
850,paytm.in
851,watch-series.to
852,wish.com
853,auction.co.kr
854,sears.com
855,zhaopin.com
856,agoda.com
857,tsite.jp
858,creditkarma.com
859,dostor.org
860,kdnet.net
861,lazada.co.id
862,altervista.org
863,7112629.com
864,mint.com
865,ampclicks.com
866,vodlocker.com
867,bankmellat.ir
868,bodybuilding.com
869,sankei.com
870,porn.com
871,askubuntu.com
872,focus.de
873,yadi.sk
874,nikkansports.com
875,jma.go.jp
876,trackingclick.net
877,tripadvisor.co.uk
878,youboy.com
879,nexusmods.com
880,prezi.com
881,xing.com
882,yeniakit.com.tr
883,t-mobile.com
884,digitaltrends.com
885,51sole.com
886,pikabu.ru
887,elwatannews.com
888,reallifecam.com
889,okta.com
890,wiley.com
891,sozcu.com.tr
892,duolingo.com
893,slither.io
894,mydrivers.com
895,google.com.ec
896,intoday.in
897,liveinternet.ru
898,gazeta.pl
899,blogspot.com.eg
900,appledaily.com.tw
901,ticketmaster.com
902,fanfiction.net
903,anitube.se
904,gemius.pl
905,axisbank.co.in
906,marktplaats.nl
907,yhd.com
908,cnmo.com
909,liveleak.com
910,kotaku.com
911,chosun.com
912,academia.edu
913,fitbit.com
914,google.hr
915,chron.com
916,weather.gov
917,leadzupc.com
918,hilltopads.net
919,zhanqi.tv
920,reference.com
921,skysports.com
922,thedailybeast.com
923,4pda.ru
924,mapquest.com
925,voyeurhit.com
926,divar.ir
927,thewhizproducts.com
928,drive2.ru
929,quikr.com
930,livescore.com
931,cricbuzz.com
932,idnes.cz
933,eroterest.net
934,apache.org
935,thehindu.com
936,novinky.cz
937,hilton.com
938,europa.eu
939,marriott.com
940,gamewith.jp
941,pogo.com
942,genius.com
943,miui.com
944,ccm.net
945,dream.co.id
946,basecamp.com
947,deadspin.com
948,match.com
949,xbox.com
950,springer.com
951,popsugar.com
952,voc.com.cn
953,safefinder.com
954,familydoctor.com.cn
955,my-hit.org
956,milanuncios.com
957,farsnews.com
958,yjc.ir
959,fanpage.gr
960,gutefrage.net
961,sex.com
962,gameforge.com
963,thisav.com
964,google.lt
965,welt.de
966,yomiuri.co.jp
967,battlenet.com.cn
968,babycenter.com
969,walgreens.com
970,dafont.com
971,todayhumor.co.kr
972,vnexpress.net
973,dl-protect.com
974,bedbathandbeyond.com
975,zappos.com
976,torrentkim3.net
977,nudevista.com
978,foodnetwork.com
979,ali213.net
980,google.tn
981,techradar.com
982,6pm.com
983,priceline.com
984,bttiantang.com
985,discordapp.com
986,lun.com
987,wargaming.net
988,makeuseof.com
989,tomshardware.com
990,redd.it
991,eonline.com
992,jin115.com
993,discogs.com
994,state.gov
995,noaa.gov
996,fatosdesconhecidos.com.br
997,pnc.com
998,shareasale.com
999,garmin.com
1000,ptt.cc
1001,uzone.id
1002,adskeeper.co.uk
1003,chouftv.ma
1004,india.com
1005,hh.ru
1006,huawei.com
1007,akamaihd.net
1008,ryanair.com
1009,informer.com
1010,irs.gov
1011,alwafd.org
1012,ultimate-guitar.com
1013,stockstar.com
1014,sfr.fr
1015,xiami.com
1016,123rf.com
1017,geocities.jp
1018,exblog.jp
1019,dailypakistan.com.pk
1020,littlethings.com
1021,2chblog.jp
1022,cam4.com
1023,178.com
1024,livestrong.com
1025,wav.tv
1026,myanimelist.net
1027,dict.cc
1028,samsclub.com
1029,abril.com.br
1030,investopedia.com
1031,whitepages.com
1032,hupu.com
1033,zhibo8.cc
1034,marketwatch.com
1035,merriam-webster.com
1036,10086.cn
1037,goo.gl
1038,hepsiburada.com
1039,zimuzu.tv
1040,yellowpages.com
1041,imagebam.com
1042,gumtree.com
1043,legacy.com
1044,convert2mp3.net
1045,myfreecams.com
1046,xiaomi.com
1047,bitly.com
1048,motherless.com
1049,cankaoxiaoxi.com
1050,gofundme.com
1051,cambridge.org
1052,finn.no
1053,wired.com
1054,caixa.gov.br
1055,dmv.org
1056,vetogate.com
1057,mynet.com
1058,strava.com
1059,mynavi.jp
1060,windows.com
1061,watchseries.ac
1062,tradedoubler.com
1063,smartnewtab.com
1064,repelis.tv
1065,17173.com
1066,shutterfly.com
1067,haberturk.com
1068,myntra.com
1069,internethaber.com
1070,lynda.com
1071,tim.it
1072,yie4zooseif.info
1073,cda.pl
1074,mbc.net
1075,bs.to
1076,searchalgo.com
1077,sfgate.com
1078,aastocks.com
1079,nairaland.com
1080,javedch.com
1081,xtube.com
1082,yandex.kz
1083,google.co.ao
1084,deviantart.net
1085,royalbank.com
1086,flirt4free.com
1087,ebay.es
1088,udn.com
1089,bomb01.com
1090,dlsite.com
1091,monster.com
1092,habrahabr.ru
1093,prnt.sc
1094,dcard.tw
1095,realclearpolitics.com
1096,ssl-images-amazon.com
1097,fishki.net
1098,daily.co.jp
1099,indiamart.com
1100,tnaflix.com
1101,bintang.com
1102,jet.com
1103,quizlet.com
1104,labanquepostale.fr
1105,zara.com
1106,clarin.com
1107,thevideo.me
1108,google.com.mm
1109,mangafox.me
1110,blogspot.de
1111,ccb.com
1112,immobilienscout24.de
1113,ted.com
1114,mayoclinic.org
1115,onlinecreditcenter6.com
1116,google.iq
1117,pokemon.com
1118,jalan.net
1119,theatlantic.com
1120,mcafee.com
1121,hotnewhiphop.com
1122,tenki.jp
1123,torrentz2.eu
1124,citibank.co.in
1125,kuronekoyamato.co.jp
1126,sputniknews.com
1127,onlinevideoconverter.com
1128,archiveofourown.org
1129,ea.com
1130,baiducontent.com
1131,dingit.tv
1132,nate.com
1133,engageya.com
1134,turbobit.net
1135,bulbagarden.net
1136,n11.com
1137,iha-a.link
1138,biblegateway.com
1139,bestadbid.com
1140,gstatic.com
1141,pole-emploi.fr
1142,to8to.com
1143,excite.co.jp
1144,fandango.com
1145,dangdang.com
1146,tripadvisor.it
1147,absoluteclickscom.com
1148,sponichi.co.jp
1149,championat.com
1150,androidcentral.com
1151,deezer.com
1152,arstechnica.com
1153,unity3d.com
1154,mobile01.com
1155,serving-sys.com
1156,icims.com
1157,sporx.com
1158,firstpost.com
1159,humblebundle.com
1160,carview.co.jp
1161,brassring.com
1162,kizlarsoruyor.com
1163,grammarly.com
1164,primewire.ag
1165,schwab.com
1166,td.com
1167,stanford.edu
1168,klikbca.com
1169,junbi-tracker.com
1170,qvc.com
1171,quanmin.tv
1172,cocolog-nifty.com
1173,cvs.com
1174,kizi.com
1175,khanacademy.org
1176,backpage.com
1177,indianrail.gov.in
1178,panasonic.jp
1179,dytt8.net
1180,commbank.com.au
1181,tagged.com
1182,poptm.com
1183,traffichunt.com
1184,hamariweb.com
1185,imagetwist.com
1186,harvard.edu
1187,joins.com
1188,sapo.pt
1189,inven.co.kr
1190,lanacion.com.ar
1191,jw.org
1192,tebyan.net
1193,codepen.io
1194,g2a.com
1195,keepvid.com
1196,chatwork.com
1197,2ch-c.net
1198,masrawy.com
1199,vox.com
1200,express.pk
1201,gogoanime.io
1202,mediaset.it
1203,banesconline.com
1204,google.si
1205,express.co.uk
1206,cnbeta.com
1207,lacaixa.es
1208,esuteru.com
1209,gawker.com
1210,pchome.com.tw
1211,blkget8.com
1212,capitalone360.com
1213,huya.com
1214,olx.co.id
1215,ithome.com
1216,1fichier.com
1217,189.cn
1218,yunpan.cn
1219,rakuten.ne.jp
1220,mainichi.jp
1221,poringa.net
1222,bandcamp.com
1223,chiphell.com
1224,teamviewer.com
1225,cracked.com
1226,lloydsbank.co.uk
1227,vidzi.tv
1228,tempo.co
1229,mp4ba.com
1230,51cto.com
1231,theodysseyonline.com
1232,clixsense.com
1233,21cn.com
1234,mediaplex.com
1235,rappler.com
1236,onclickpredictiv.com
1237,jjack56.com
1238,sopitas.com
1239,vrbo.com
1240,barnesandnoble.com
1241,indiegogo.com
1242,docin.com
1243,autohome.com.cn
1244,nasa.gov
1245,oneindia.com
1246,rakuten-card.co.jp
1247,autotrader.com
1248,codecanyon.net
1249,hexun.com
1250,credit-agricole.fr
1251,suara.com
1252,python.org
1253,sky.com
1254,yaplakal.com
1255,crunchyroll.com
1256,aiomp3.com
1257,autodesk.com
1258,ing.nl
1259,watchfree.to
1260,caixin.com
1261,payoneer.com
1262,nbcsports.com
1263,ew.com
1264,dealwifi.com
1265,ibtimes.co.uk
1266,dhgate.com
1267,disq.us
1268,qingdaonews.com
1269,echo.msk.ru
1270,sat.gob.mx
1271,ecnavi.jp
1272,mr-johal.com
1273,eenadu.net
1274,layarkaca21.tv
1275,sephora.com
1276,kinox.to
1277,coupons.com
1278,blogspot.gr
1279,concursolutions.com
1280,ldblog.jp
1281,blogspot.ru
1282,qualtrics.com
1283,aweber.com
1284,mufg.jp
1285,boredpanda.com
1286,iwank.tv
1287,gotowebinar.com
1288,bahn.de
1289,barclaycardus.com
1290,6park.com
1291,mundo.com
1292,yr.no
1293,mgtv.com
1294,zozo.jp
1295,rollingstone.com
1296,sprint.com
1297,usnews.com
1298,axisbank.com
1299,brazzers.com
1300,rtve.es
1301,americanas.com.br
1302,mgid.com
1303,wowkeren.com
1304,uidai.gov.in
1305,smi2.ru
1306,abc.net.au
1307,duba.com
1308,freelancer.com
1309,mirtesen.ru
1310,abc.es
1311,bt.com
1312,skyscanner.net
1313,alexa.cn
1314,istockphoto.com
1315,sanjesh.org
1316,iheart.com
1317,dribbble.com
1318,sunporno.com
1319,animeflv.net
1320,bollywoodbubble.com
1321,ilfattoquotidiano.it
1322,telegram.me
1323,hsbc.co.uk
1324,mega.co.nz
1325,jumia.com.ng
1326,iza.ne.jp
1327,ed.gov
1328,poste.it
1329,jianshu.com
1330,workercn.cn
1331,haberler.com
1332,tvguide.com
1333,padsdel.com
1334,avast.com
1335,dawn.com
1336,food.com
1337,blog.ir
1338,streamin.to
1339,truecaller.com
1340,postbank.de
1341,dreamstime.com
1342,google.com.gt
1343,herokuapp.com
1344,g4d7.com
1345,getbootstrap.com
1346,life.ru
1347,directv.com
1348,telekom.com
1349,super.cz
1350,linkshrink.net
1351,piriform.com
1352,movie4k.to
1353,fromdoctopdf.com
1354,flightradar24.com
1355,123cha.com
1356,pagesjaunes.fr
1357,togetter.com
1358,mileroticos.com
1359,nocookie.net
1360,news.com.au
1361,sbnation.com
1362,getappsonline.com
1363,tabnak.ir
1364,ouo.press
1365,yandex.by
1366,efukt.com
1367,ampxchange.com
1368,digitalocean.com
1369,alfalfalfa.com
1370,cqnews.net
1371,spotscenered.info
1372,gittigidiyor.com
1373,ascii.jp
1374,disney.go.com
1375,citibankonline.com
1376,kisscartoon.me
1377,bluehost.com
1378,kp.ru
1379,chicagotribune.com
1380,narod.ru
1381,thesun.co.uk
1382,nuvid.com
1383,foursquare.com
1384,hulu.jp
1385,bustle.com
1386,dailykos.com
1387,el-nacional.com
1388,starbucks.com
1389,leo.org
1390,chekb.com
1391,hollywoodreporter.com
1392,pchome.net
1393,synchronycredit.com
1394,sitepoint.com
1395,adme.ru
1396,ebay.ca
1397,pixlr.com
1398,ccavenue.com
1399,qidian.com
1400,imagefap.com
1401,infobae.com
1402,southcn.com
1403,drugs.com
1404,cbslocal.com
1405,gotomeeting.com
1406,kbb.com
1407,unam.mx
1408,dropboxusercontent.com
1409,fanli.com
1410,userscloud.com
1411,nationalgeographic.com
1412,niuche.com
1413,wiocha.pl
1414,moz.com
1415,camdolls.com
1416,vesti.ru
1417,vjav.com
1418,pixellitomedia.com
1419,ubuntu.com
1420,opensooq.com
1421,nextmedia.com
1422,blogspot.kr
1423,agar.io
1424,unblocked.live
1425,500px.com
1426,gazeta.ru
1427,jquery.com
1428,zougla.gr
1429,hostgator.com
1430,picmonkey.com
1431,exhentai.org
1432,likemag.com
1433,otto.de
1434,voirfilms.org
1435,wetter.com
1436,egou.com
1437,officedepot.com
1438,sindonews.com
1439,elsevier.com
1440,windows.net
1441,teacherspayteachers.com
1442,blogspot.com.tr
1443,toysrus.com
1444,crhoy.com
1445,takungpao.com
1446,vidio.com
1447,ablogica.com
1448,foxsports.com
1449,onliner.by
1450,vg.no
1451,parentanswercentre.com
1452,meaww.com
1453,ku6.com
1454,inc.com
1455,danawa.com
1456,toastedballs.com
1457,etao.com
1458,20minutes.fr
1459,freecharge.in
1460,fotostrana.ru
1461,elcomercio.pe
1462,w3school.com.cn
1463,t411.ch
1464,liveadexchanger.com
1465,zeit.de
1466,renren.com
1467,vistaprint.com
1468,dhl.com
1469,office.net
1470,plays.tv
1471,apartmenttherapy.com
1472,alimama.com
1473,gongchang.com
1474,game4playz.com
1475,programme-tv.net
1476,24video.xxx
1477,vid.me
1478,weathernews.jp
1479,argos.co.uk
1480,avito.ma
1481,aftonbladet.se
1482,pcworld.com
1483,today.com
1484,blizzard.cn
1485,popmyads.com
1486,yxdown.com
1487,xuite.net
1488,telegraaf.nl
1489,pastebin.com
1490,getmyads.com
1491,abplive.in
1492,ashleyrnadison.com
1493,cbs.com
1494,jd.hk
1495,jiameng.com
1496,lg.com
1497,googlevideo.com
1498,tesco.com
1499,17track.net
1500,here.com
1501,mts.ru
1502,wunderlist.com
1503,1und1.de
1504,tripadvisor.in
1505,ynet.co.il
1506,rei.com
1507,faz.net
1508,arcot.com
1509,mihanblog.com
1510,elconfidencial.com
1511,sosodesktop.com
1512,ukr.net
1513,argaam.com
1514,interpark.com
1515,meteofrance.com
1516,op.gg
1517,nitroflare.com
1518,thechive.com
1519,newyorker.com
1520,serverfault.com
1521,jezebel.com
1522,flaticon.com
1523,seekingalpha.com
1524,edmunds.com
1525,xoclkrvstrafms.com
1526,tubetip.com
1527,donanimhaber.com
1528,nature.com
1529,nhadatso.com
1530,usmagazine.com
1531,gnavi.co.jp
1532,idealo.de
1533,ddanzi.com
1534,ansa.it
1535,filmweb.pl
1536,edx.org
1537,nymag.com
1538,mysearch.com
1539,minecraft.net
1540,wittyfeed.com
1541,bc.vc
1542,newsnow.co.uk
1543,idealista.com
1544,xero.com
1545,lightinthebox.com
1546,codecademy.com
1547,caf.fr
1548,evite.com
1549,mangareader.net
1550,kinokrad.net
1551,entrepreneur.com
1552,trafficserving.com
1553,cleaningformac.com
1554,blogspot.com.ar
1555,gumtree.com.au
1556,spaceshipads.com
1557,ft.com
1558,orf.at
1559,adultfriendfinder.com
1560,editor.wix.com
1561,doodle.com
1562,sina.com
1563,codeproject.com
1564,iherb.com
1565,androidauthority.com
1566,sap.com
1567,indeed.co.in
1568,ssa.gov
1569,garanti.com.tr
1570,wow.com
1571,ihg.com
1572,forever21.com
1573,curse.com
1574,porntube.com
1575,snopes.com
1576,made-in-china.com
1577,secureinternetbank.com
1578,goodhousekeeping.com
1579,trade.tmall.com
1580,samplicio.us
1581,aarp.org
1582,sugklonistiko.gr
1583,wuxiaworld.com
1584,timewarnercable.com
1585,jsfiddle.net
1586,tunein.com
1587,panet.co.il
1588,fnb.co.za
1589,debate.com.mx
1590,tomsguide.com
1591,24h.com.vn
1592,heise.de
1593,tripadvisor.fr
1594,spankwire.com
1595,fmovies.to
1596,cmoney.tw
1597,miniclip.com
1598,setn.com
1599,kissasian.com
1600,sports.ru
1601,chess.com
1602,criteo.com
1603,auto.ru
1604,2gis.ru
1605,hdrezka.me
1606,indeed.co.uk
1607,vtv.vn
1608,olimpiadas.uol.com.br
1609,algocashmaster.net
1610,blogspot.tw
1611,vmware.com
1612,qz.com
1613,metacritic.com
1614,xl415.com
1615,yandex.com
1616,consumerreports.org
1617,sueddeutsche.de
1618,ibanking-services.com
1619,victoriassecret.com
1620,patreon.com
1621,sanook.com
1622,payu.in
1623,mystart.com
1624,jagran.com
1625,yallakora.com
1626,sportbox.ru
1627,jpnn.com
1628,mackeeper.com
1629,docusign.net
1630,businessweekly.com.tw
1631,1and1.com
1632,bb.com.br
1633,unicredit.it
1634,tut.by
1635,torrentfreak.com
1636,eset.com
1637,olx.ro
1638,healthline.com
1639,ilbe.com
1640,life.tw
1641,suntrust.com
1642,kinja.com
1643,bankrate.com
1644,visualstudio.com
1645,epwk.com
1646,linternaute.com
1647,cosmopolitan.com
1648,psu.edu
1649,superinterstitial.com
1650,kakao.com
1651,ulmart.ru
1652,freejobalert.com
1653,mail.com
1654,alodokter.com
1655,pbs.org
1656,pornhd.com
1657,o2.pl
1658,uludagsozluk.com
1659,4gamer.net
1660,hindustantimes.com
1661,ana.co.jp
1662,mangastream.com
1663,detonate.com
1664,ilmeteo.it
1665,href.li
1666,digg.com
1667,pcgamer.com
1668,dix3.com
1669,bsnl.in
1670,forgeofempires.com
1671,twentytwowords.com
1672,dw.com
1673,newsmth.net
1674,nmisr.com
1675,alohatube.com
1676,nu.nl
1677,vonvon.me
1678,bab.la
1679,folha.uol.com.br
1680,video-one.com
1681,bastillepost.com
1682,popmaster.ir
1683,58pic.com
1684,internetdownloadmanager.com
1685,nouvelobs.com
1686,vanguard.com
1687,cars.com
1688,gjoyz.com
1689,zatnawqy.net
1690,uniqlo.com
1691,polygon.com
1692,airasia.com
1693,smugmug.com
1694,payseal.com
1695,yahoo-mbga.jp
1696,mysql.com
1697,opensubtitles.org
1698,warmportrait.com
1699,eztv.ag
1700,iflscience.com
1701,moi.gov.sa
1702,talk.tw
1703,googleadservices.com
1704,telegrafi.com
1705,att.net
1706,dpreview.com
1707,ebc.net.tw
1708,macrumors.com
1709,banvenez.com
1710,comenity.net
1711,ranker.com
1712,thepennyhoarder.com
1713,cityheaven.net
1714,sifyitest.com
1715,jalopnik.com
1716,ecollege.com
1717,keezmovies.com
1718,ozon.ru
1719,ieee.org
1720,smh.com.au
1721,techtarget.com
1722,ctitv.com.tw
1723,tasnimnews.com
1724,rozblog.com
1725,01net.com
1726,lego.com
1727,pelis24.com
1728,pages.tmall.com
1729,bmi.ir
1730,kompasiana.com
1731,withgoogle.com
1732,gamestop.com
1733,over-blog.com
1734,dhl.de
1735,miercn.com
1736,npmjs.com
1737,mixplugin.com
1738,frtyg.com
1739,20minutos.es
1740,opentable.com
1741,voyages-sncf.com
1742,popundertotal.com
1743,howstuffworks.com
1744,dickssportinggoods.com
1745,baskino.club
1746,planetromeo.com
1747,vip.com
1748,berkeley.edu
1749,lavanguardia.com
1750,google.lv
1751,goibibo.com
1752,ny.gov
1753,rr.com
1754,justporno.sex
1755,toptvtab.com
1756,google.com.bo
1757,maybank2u.com.my
1758,advertiserurl.com
1759,fbsbx.com
1760,zdf.de
1761,fvpimageviewer.com
1762,ragestream.com
1763,santander.co.uk
1764,lazada.com.my
1765,computerbild.de
1766,tokyo.jp
1767,icy-veins.com
1768,himasoku.com
1769,mtv.com
1770,reclameaqui.com.br
1771,semrush.com
1772,ehow.com
1773,vidto.me
1774,juksy.com
1775,kapook.com
1776,kicker.de
1777,ccb.com.cn
1778,coupang.com
1779,earthlink.net
1780,google.com.pr
1781,one.com
1782,easyjet.com
1783,xkcd.com
1784,snowbitt.com
1785,asriran.com
1786,toyokeizai.net
1787,worldstarhiphop.com
1788,jkanime.net
1789,deutsche-bank.de
1790,qiwi.com
1791,taimienphi.vn
1792,qiita.com
1793,weheartit.com
1794,perfectgirls.net
1795,1111.com.tw
1796,blocket.se
1797,soku.com
1798,tripadvisor.es
1799,bol.com
1800,gidonline.club
1801,epochtimes.com
1802,autotrader.co.uk
1803,koplayer.com
1804,hgtv.com
1805,cdc.gov
1806,hamusoku.com
1807,hbogo.com
1808,mbank.pl
1809,wnd.com
1810,meituan.com
1811,btime.com
1812,zcool.com.cn
1813,freshdesk.com
1814,sony.jp
1815,zalukaj.com
1816,si.com
1817,sp.gov.br
1818,2chan.net
1819,piliapp.com
1820,nga.cn
1821,espn.go.com
1822,homeaway.com
1823,index.hu
1824,tvn24.pl
1825,smallpdf.com
1826,eyoonn.com
1827,fortune.com
1828,mysmartprice.com
1829,hitc.com
1830,shaadi.com
1831,jetbrains.com
1832,cdninstagram.com
1833,ocn.ne.jp
1834,zapmeta.ws
1835,wildberries.ru
1836,haraj.com.sa
1837,lds.org
1838,readthedocs.io
1839,gome.com.cn
1840,alarabiya.net
1841,heroquizz.com
1842,fnac.com
1843,epfoservices.in
1844,cafe24.com
1845,torrentproject.se
1846,emirates.com
1847,pc6.com
1848,techbang.com
1849,refinery29.com
1850,fool.com
1851,ex.ua
1852,tutsplus.com
1853,service.gov.uk
1854,tvbs.com.tw
1855,squareup.com
1856,zergnet.com
1857,hotpepper.jp
1858,cnki.net
1859,ipko.pl
1860,fetlife.com
1861,gfan.com
1862,cargurus.com
1863,plarium.com
1864,last.fm
1865,ssisurveys.com
1866,heavy.com
1867,mundodeportivo.com
1868,depositphotos.com
1869,githubusercontent.com
1870,focus.cn
1871,cox.net
1872,rakuten-bank.co.jp
1873,pcadvisor.co.uk
1874,skroutz.gr
1875,flashx.tv
1876,diep.io
1877,a10.com
1878,namesakeoscilloscopemarquis.com
1879,softpedia.com
1880,complex.com
1881,abema.tv
1882,imitrk.com
1883,nipic.com
1884,admaimai.com
1885,fanatik.com.tr
1886,bamilo.com
1887,cafemom.com
1888,mehrnews.com
1889,flashscore.com
1890,privatbank.ua
1891,dy2018.com
1892,goodgamestudios.com
1893,lastampa.it
1894,google.com.af
1895,kickass.cd
1896,online-convert.com
1897,clubic.com
1898,mtime.com
1899,patheos.com
1900,gaana.com
1901,gamme.com.tw
1902,itau.com.br
1903,typepad.com
1904,boc.cn
1905,ucoz.ru
1906,etorrent.co.kr
1907,baomihua.com
1908,tdbank.com
1909,careerbuilder.com
1910,masralarabia.com
1911,atlassian.com
1912,jqw.com
1913,yiqifa.com
1914,creativemarket.com
1915,bayt.com
1916,navyfederal.org
1917,billboard.com
1918,p30download.com
1919,gemius.com
1920,gettyimages.com
1921,vente-privee.com
1922,cityadspix.com
1923,sport.es
1924,orbitz.com
1925,misr5.com
1926,irecommend.ru
1927,nanoadexchange.com
1928,otomoto.pl
1929,macromill.com
1930,uidai.net.in
1931,sbisec.co.jp
1932,baixaki.com.br
1933,jetaoshqef.co
1934,sinaimg.cn
1935,1tv.ru
1936,w3.org
1937,brainyquote.com
1938,mvideo.ru
1939,medscape.com
1940,timeout.com
1941,cdstm.cn
1942,jobrapido.com
1943,polyvore.com
1944,empflix.com
1945,mejortorrent.com
1946,khabaronline.ir
1947,isohunt.to
1948,christian-dogma.com
1949,olympic.org
1950,chooseauto.com.cn
1951,friendlyduck.com
1952,chinatimes.com
1953,docusign.com
1954,springfiles.net
1955,ap.org
1956,nos.nl
1957,tattoodo.com
1958,lazada.co.th
1959,n-tv.de
1960,virgilio.it
1961,rozetka.com.ua
1962,yammer.com
1963,autoscout24.de
1964,kenh14.vn
1965,tmall.hk
1966,bol.uol.com.br
1967,bbt.com
1968,beytoote.com
1969,usenet.nl
1970,cabelas.com
1971,people.com.cn
1972,ycombinator.com
1973,iltalehti.fi
1974,brightside.me
1975,nation.co.ke
1976,lonelyplanet.com
1977,storm.mg
1978,emuparadise.me
1979,eroprofile.com
1980,isna.ir
1981,gfarchive.com
1982,toranoana.jp
1983,google.com.gh
1984,tubepornclassic.com
1985,trustpilot.com
1986,osym.gov.tr
1987,ivi.ru
1988,mxttrf.com
1989,suruga-ya.jp
1990,turkiye.gov.tr
1991,mobafire.com
1992,wwe.com
1993,qatarairways.com
1994,kalerkantho.com
1995,jugem.jp
1996,btolat.com
1997,mangahere.co
1998,spzan.com
1999,musica.com
2000,beeline.ru
